1,1,3,0,0,0,8,1,1,1,1,1,2,0,2020,0,"2020-12-17 03:12:14",0,"0000-00-00 00:00:00",0,3,asd,worker_one,asd,2020-12-04,2020-12-01,,asd,"0000-00-00 00:00:00",0,,,,,,0,,,,,0,0,,LDU2A
2,1,3,0,0,0,8,1,0,0,,0,2,0,2020,0,"2020-12-17 03:12:14",0,"0000-00-00 00:00:00",0,3,asd,worker_one,asd,2020-12-04,2020-12-01,,asd,"0000-00-00 00:00:00",0,,,,,,0,,,,,0,0,,LDU2A
3,1,3,0,0,0,0,0,0,0,1,0,,0,2020,0,"2020-12-17 03:12:14",0,"0000-00-00 00:00:00",0,3,asd,worker_one,asd,2020-12-04,2020-12-01,,asd,"0000-00-00 00:00:00",0,,,,,,0,,,,,0,0,,LDU2A
4,1,3,0,0,0,8,0,1,0,0,0,2,0,2020,0,"2020-12-17 03:12:14",0,"0000-00-00 00:00:00",0,3,asd,worker_one,asd,2020-12-04,2020-12-01,,asd,"0000-00-00 00:00:00",0,,,,,,0,,,,,0,0,,LDU2A
5,1,3,0,0,0,0,0,0,1,0,0,,0,2020,0,"2020-12-17 03:12:14",0,"0000-00-00 00:00:00",0,3,asd,worker_one,asd,2020-12-04,2020-12-01,,asd,"0000-00-00 00:00:00",0,,,,,,0,,,,,0,0,,LDU2A
6,1,3,0,0,0,0,0,0,0,0,1,,0,2020,0,"2020-12-17 03:12:14",0,"0000-00-00 00:00:00",0,3,asd,worker_one,asd,2020-12-04,2020-12-01,,asd,"0000-00-00 00:00:00",0,,,,,,0,,,,,0,0,,LDU2A
7,1,3,0,0,1,0,0,0,0,0,1,,0,2020,0,"2020-12-17 03:12:14",0,"0000-00-00 00:00:00",0,3,asd,worker_one,asd,2020-12-04,2020-12-01,,asd,"0000-00-00 00:00:00",0,,,,,,0,,,,,0,0,,LDU2A
8,1,2,0,0,0,8,0,1,0,0,0,2,0,2020,0,"2020-12-17 03:12:14",0,"0000-00-00 00:00:00",0,3,123,test,123456789132,2020-12-23,2020-12-26,,Rob,"0000-00-00 00:00:00",0,,,,,,0,,,,,0,0,,LDU2A
9,1,2,0,0,0,8,0,1,0,0,0,2,0,2020,0,"2020-12-17 03:12:14",0,"0000-00-00 00:00:00",0,3,123,test,123456789132,2020-12-23,2020-12-26,,Rob,"0000-00-00 00:00:00",0,,,,,,0,,,,,0,0,,LDU2A
10,1,2,0,0,0,8,0,1,0,0,0,2,0,2020,0,"2020-12-17 03:12:14",0,"0000-00-00 00:00:00",0,3,123,test,123456789132,2020-12-23,2020-12-26,,Rob,"0000-00-00 00:00:00",0,,,,,,0,,,,,0,0,,LDU2A
11,1,3,0,0,0,8,0,1,0,0,0,2,0,2020,0,"2020-12-17 03:12:14",0,"0000-00-00 00:00:00",0,3,asd,worker_one,asd,2020-12-04,2020-12-01,,asd,"0000-00-00 00:00:00",0,,,,,,0,,,,,0,0,,LDU2A
12,1,3,0,0,0,8,1,1,0,0,0,2,0,2020,0,"2020-12-17 03:12:14",0,"0000-00-00 00:00:00",0,3,asd,worker_one,asd,2020-12-04,2020-12-01,,asd,"0000-00-00 00:00:00",0,,,,,,0,,,,,0,0,,LDU2A
13,1,4,0,0,0,8,1,1,0,0,0,2,0,2020,0,"2020-12-17 03:12:14",0,"0000-00-00 00:00:00",0,0,asd333,worker_four,23123123123,2021-01-08,2021-01-14,222,222,"2021-01-12 00:00:00",13,female,133,11,11,,2,name,22,22,22,2,1,/public/image/worker/1610017311_e26cc473aaa886f4e8fe.png,LDU2A
14,1,4,0,0,0,8,1,1,0,0,0,2,0,2020,0,"2020-12-17 03:12:14",0,"0000-00-00 00:00:00",0,0,asd333,worker_four,23123123123,2021-01-08,2021-01-14,222,222,"2021-01-12 00:00:00",13,female,133,11,11,,2,name,22,22,22,2,1,/public/image/worker/1610017311_e26cc473aaa886f4e8fe.png,LDU2A
15,1,4,0,0,0,8,1,0,0,0,0,2,0,2020,0,"2020-12-17 03:12:14",0,"0000-00-00 00:00:00",0,0,asd333,worker_four,23123123123,2021-01-08,2021-01-14,222,222,"2021-01-12 00:00:00",13,female,133,11,11,,2,name,22,22,22,2,1,/public/image/worker/1610017311_e26cc473aaa886f4e8fe.png,LDU2A
16,1,4,0,0,0,8,1,0,0,0,0,2,0,2020,0,"2020-12-17 03:12:14",0,"0000-00-00 00:00:00",0,0,asd333,worker_four,23123123123,2021-01-08,2021-01-14,222,222,"2021-01-12 00:00:00",13,female,133,11,11,,2,name,22,22,22,2,1,/public/image/worker/1610017311_e26cc473aaa886f4e8fe.png,LDU2A
17,1,4,0,0,0,8,1,0,0,0,0,2,0,2020,0,"2020-12-17 03:12:14",0,"0000-00-00 00:00:00",0,0,asd333,worker_four,23123123123,2021-01-08,2021-01-14,222,222,"2021-01-12 00:00:00",13,female,133,11,11,,2,name,22,22,22,2,1,/public/image/worker/1610017311_e26cc473aaa886f4e8fe.png,LDU2A
